,Region,Type,Year,Population
67,WORLD,World,2017.0,7 556 993
68,WORLD,World,2018.0,7 642 651
69,WORLD,World,2019.0,7 724 928
70,WORLD,World,2020.0,7 804 974
71,WORLD,World,2021.0,7 876 932
140,Sub-Saharan Africa,SDG region,2017.0,1 012 028
141,Sub-Saharan Africa,SDG region,2018.0,1 038 955
142,Sub-Saharan Africa,SDG region,2019.0,1 066 501
143,Sub-Saharan Africa,SDG region,2020.0,1 094 854
144,Sub-Saharan Africa,SDG region,2021.0,1 123 665
212,Northern Africa and Western Asia,SDG region,2017.0,507 433
213,Northern Africa and Western Asia,SDG region,2018.0,516 380
214,Northern Africa and Western Asia,SDG region,2019.0,525 709
215,Northern Africa and Western Asia,SDG region,2020.0,534 590
216,Northern Africa and Western Asia,SDG region,2021.0,541 521
284,Central and Southern Asia,SDG region,2017.0,1 962 701
285,Central and Southern Asia,SDG region,2018.0,1 986 724
286,Central and Southern Asia,SDG region,2019.0,2 010 210
287,Central and Southern Asia,SDG region,2020.0,2 032 910
288,Central and Southern Asia,SDG region,2021.0,2 055 775
356,Eastern and South-Eastern Asia,SDG region,2017.0,2 291 949
357,Eastern and South-Eastern Asia,SDG region,2018.0,2 307 105
358,Eastern and South-Eastern Asia,SDG region,2019.0,2 318 989
359,Eastern and South-Eastern Asia,SDG region,2020.0,2 329 575
360,Eastern and South-Eastern Asia,SDG region,2021.0,2 337 114
428,Latin America and the Caribbean,SDG region,2017.0,632 458
429,Latin America and the Caribbean,SDG region,2018.0,638 438
430,Latin America and the Caribbean,SDG region,2019.0,644 170
431,Latin America and the Caribbean,SDG region,2020.0,649 524
432,Latin America and the Caribbean,SDG region,2021.0,654 148
500,Oceania (excluding Australia and New Zealand),SDG region,2017.0,12 359
501,Oceania (excluding Australia and New Zealand),SDG region,2018.0,12 602
502,Oceania (excluding Australia and New Zealand),SDG region,2019.0,12 842
503,Oceania (excluding Australia and New Zealand),SDG region,2020.0,13 082
504,Oceania (excluding Australia and New Zealand),SDG region,2021.0,13 323
572,Australia/New Zealand,SDG region,2017.0,29 099
573,Australia/New Zealand,SDG region,2018.0,29 574
574,Australia/New Zealand,SDG region,2019.0,30 062
575,Australia/New Zealand,SDG region,2020.0,30 571
576,Australia/New Zealand,SDG region,2021.0,30 892
644,Europe and Northern America,SDG region,2017.0,1 108 966
645,Europe and Northern America,SDG region,2018.0,1 112 874
646,Europe and Northern America,SDG region,2019.0,1 116 445
647,Europe and Northern America,SDG region,2020.0,1 119 870
648,Europe and Northern America,SDG region,2021.0,1 120 494
1655,AFRICA,Region,2017.0,1 247 470
1656,AFRICA,Region,2018.0,1 279 198
1657,AFRICA,Region,2019.0,1 311 332
1658,AFRICA,Region,2020.0,1 344 070
1659,AFRICA,Region,2021.0,1 377 285
1727,Eastern Africa,Subregion,2017.0,409 506
1728,Eastern Africa,Subregion,2018.0,420 329
1729,Eastern Africa,Subregion,2019.0,431 567
1730,Eastern Africa,Subregion,2020.0,443 357
1731,Eastern Africa,Subregion,2021.0,455 228
1799,Burundi,Country/Area,2017.0,11 020
1800,Burundi,Country/Area,2018.0,11 291
1801,Burundi,Country/Area,2019.0,11 696
1802,Burundi,Country/Area,2020.0,12 054
1803,Burundi,Country/Area,2021.0,12 387
1871,Comoros,Country/Area,2017.0,754
1872,Comoros,Country/Area,2018.0,769
1873,Comoros,Country/Area,2019.0,784
1874,Comoros,Country/Area,2020.0,798
1875,Comoros,Country/Area,2021.0,814
1943,Djibouti,Country/Area,2017.0,1 032
1944,Djibouti,Country/Area,2018.0,1 049
1945,Djibouti,Country/Area,2019.0,1 066
1946,Djibouti,Country/Area,2020.0,1 082
1947,Djibouti,Country/Area,2021.0,1 098
2015,Eritrea,Country/Area,2017.0,3 377
2016,Eritrea,Country/Area,2018.0,3 417
2017,Eritrea,Country/Area,2019.0,3 474
2018,Eritrea,Country/Area,2020.0,3 524
2019,Eritrea,Country/Area,2021.0,3 588
2087,Ethiopia,Country/Area,2017.0,106 740
2088,Ethiopia,Country/Area,2018.0,109 656
2089,Ethiopia,Country/Area,2019.0,112 603
2090,Ethiopia,Country/Area,2020.0,115 638
2091,Ethiopia,Country/Area,2021.0,118 743
2159,Kenya,Country/Area,2017.0,48 432
2160,Kenya,Country/Area,2018.0,49 464
2161,Kenya,Country/Area,2019.0,50 443
2162,Kenya,Country/Area,2020.0,51 460
2163,Kenya,Country/Area,2021.0,52 511
2231,Madagascar,Country/Area,2017.0,25 833
2232,Madagascar,Country/Area,2018.0,26 506
2233,Madagascar,Country/Area,2019.0,27 187
2234,Madagascar,Country/Area,2020.0,27 879
2235,Madagascar,Country/Area,2021.0,28 571
2303,Malawi,Country/Area,2017.0,17 640
2304,Malawi,Country/Area,2018.0,18 122
2305,Malawi,Country/Area,2019.0,18 614
2306,Malawi,Country/Area,2020.0,19 121
2307,Malawi,Country/Area,2021.0,19 633
2375,Mauritius,Country/Area,2017.0,1 294
2376,Mauritius,Country/Area,2018.0,1 295
2377,Mauritius,Country/Area,2019.0,1 296
2378,Mauritius,Country/Area,2020.0,1 297
2379,Mauritius,Country/Area,2021.0,1 299
2447,Mayotte,Country/Area,2017.0,266
2448,Mayotte,Country/Area,2018.0,277
2449,Mayotte,Country/Area,2019.0,289
2450,Mayotte,Country/Area,2020.0,300
2451,Mayotte,Country/Area,2021.0,311
2519,Mozambique,Country/Area,2017.0,28 142
2520,Mozambique,Country/Area,2018.0,28 997
2521,Mozambique,Country/Area,2019.0,29 850
2522,Mozambique,Country/Area,2020.0,30 721
2523,Mozambique,Country/Area,2021.0,31 636
2591,Réunion,Country/Area,2017.0,928
2592,Réunion,Country/Area,2018.0,937
2593,Réunion,Country/Area,2019.0,945
2594,Réunion,Country/Area,2020.0,954
2595,Réunion,Country/Area,2021.0,962
2663,Rwanda,Country/Area,2017.0,12 080
2664,Rwanda,Country/Area,2018.0,12 381
2665,Rwanda,Country/Area,2019.0,12 683
2666,Rwanda,Country/Area,2020.0,12 987
2667,Rwanda,Country/Area,2021.0,13 305
2735,Seychelles,Country/Area,2017.0,101
2736,Seychelles,Country/Area,2018.0,102
2737,Seychelles,Country/Area,2019.0,104
2738,Seychelles,Country/Area,2020.0,105
2739,Seychelles,Country/Area,2021.0,106
2807,Somalia,Country/Area,2017.0,14 596
2808,Somalia,Country/Area,2018.0,15 132
2809,Somalia,Country/Area,2019.0,15 690
2810,Somalia,Country/Area,2020.0,16 273
2811,Somalia,Country/Area,2021.0,16 801
2879,South Sudan,Country/Area,2017.0,10 876
2880,South Sudan,Country/Area,2018.0,10 441
2881,South Sudan,Country/Area,2019.0,10 350
2882,South Sudan,Country/Area,2020.0,10 545
2883,South Sudan,Country/Area,2021.0,10 667
2951,Uganda,Country/Area,2017.0,39 436
2952,Uganda,Country/Area,2018.0,40 818
2953,Uganda,Country/Area,2019.0,42 212
2954,Uganda,Country/Area,2020.0,43 686
2955,Uganda,Country/Area,2021.0,45 123
3023,United Republic of Tanzania,Country/Area,2017.0,55 326
3024,United Republic of Tanzania,Country/Area,2018.0,57 208
3025,United Republic of Tanzania,Country/Area,2019.0,58 973
3026,United Republic of Tanzania,Country/Area,2020.0,60 772
3027,United Republic of Tanzania,Country/Area,2021.0,62 637
3095,Zambia,Country/Area,2017.0,17 030
3096,Zambia,Country/Area,2018.0,17 566
3097,Zambia,Country/Area,2019.0,18 106
3098,Zambia,Country/Area,2020.0,18 655
3099,Zambia,Country/Area,2021.0,19 201
3167,Zimbabwe,Country/Area,2017.0,14 602
3168,Zimbabwe,Country/Area,2018.0,14 900
3169,Zimbabwe,Country/Area,2019.0,15 204
3170,Zimbabwe,Country/Area,2020.0,15 505
3171,Zimbabwe,Country/Area,2021.0,15 834
3239,Middle Africa,Subregion,2017.0,165 395
3240,Middle Africa,Subregion,2018.0,170 763
3241,Middle Africa,Subregion,2019.0,176 203
3242,Middle Africa,Subregion,2020.0,181 717
3243,Middle Africa,Subregion,2021.0,187 423
3311,Angola,Country/Area,2017.0,29 678
3312,Angola,Country/Area,2018.0,30 739
3313,Angola,Country/Area,2019.0,31 808
3314,Angola,Country/Area,2020.0,32 899
3315,Angola,Country/Area,2021.0,33 958
3383,Cameroon,Country/Area,2017.0,24 060
3384,Cameroon,Country/Area,2018.0,24 726
3385,Cameroon,Country/Area,2019.0,25 428
3386,Cameroon,Country/Area,2020.0,26 137
3387,Cameroon,Country/Area,2021.0,26 845
3455,Central African Republic,Country/Area,2017.0,4 951
3456,Central African Republic,Country/Area,2018.0,5 043
3457,Central African Republic,Country/Area,2019.0,5 147
3458,Central African Republic,Country/Area,2020.0,5 272
3459,Central African Republic,Country/Area,2021.0,5 414
3527,Chad,Country/Area,2017.0,14 838
3528,Chad,Country/Area,2018.0,15 334
3529,Chad,Country/Area,2019.0,15 875
3530,Chad,Country/Area,2020.0,16 379
3531,Chad,Country/Area,2021.0,16 910
3599,Congo,Country/Area,2017.0,5 249
3600,Congo,Country/Area,2018.0,5 376
3601,Congo,Country/Area,2019.0,5 506
3602,Congo,Country/Area,2020.0,5 635
3603,Congo,Country/Area,2021.0,5 769
3671,Democratic Republic of the Congo,Country/Area,2017.0,82 874
3672,Democratic Republic of the Congo,Country/Area,2018.0,85 693
3673,Democratic Republic of the Congo,Country/Area,2019.0,88 482
3674,Democratic Republic of the Congo,Country/Area,2020.0,91 332
3675,Democratic Republic of the Congo,Country/Area,2021.0,94 374
3743,Equatorial Guinea,Country/Area,2017.0,1 425
3744,Equatorial Guinea,Country/Area,2018.0,1 476
3745,Equatorial Guinea,Country/Area,2019.0,1 528
3746,Equatorial Guinea,Country/Area,2020.0,1 578
3747,Equatorial Guinea,Country/Area,2021.0,1 614
3815,Gabon,Country/Area,2017.0,2 114
3816,Gabon,Country/Area,2018.0,2 166
3817,Gabon,Country/Area,2019.0,2 218
3818,Gabon,Country/Area,2020.0,2 268
3819,Gabon,Country/Area,2021.0,2 317
3887,Sao Tome and Principe,Country/Area,2017.0,206
3888,Sao Tome and Principe,Country/Area,2018.0,210
3889,Sao Tome and Principe,Country/Area,2019.0,213
3890,Sao Tome and Principe,Country/Area,2020.0,216
3891,Sao Tome and Principe,Country/Area,2021.0,221
3959,Northern Africa,Subregion,2017.0,235 442
3960,Northern Africa,Subregion,2018.0,240 243
3961,Northern Africa,Subregion,2019.0,244 831
3962,Northern Africa,Subregion,2020.0,249 216
3963,Northern Africa,Subregion,2021.0,253 619
4031,Algeria,Country/Area,2017.0,40 739
4032,Algeria,Country/Area,2018.0,41 534
4033,Algeria,Country/Area,2019.0,42 320
4034,Algeria,Country/Area,2020.0,43 091
4035,Algeria,Country/Area,2021.0,43 812
4103,Egypt,Country/Area,2017.0,100 796
4104,Egypt,Country/Area,2018.0,102 783
4105,Egypt,Country/Area,2019.0,104 699
4106,Egypt,Country/Area,2020.0,106 539
4107,Egypt,Country/Area,2021.0,108 392
4175,Libya,Country/Area,2017.0,6 327
4176,Libya,Country/Area,2018.0,6 429
4177,Libya,Country/Area,2019.0,6 526
4178,Libya,Country/Area,2020.0,6 612
4179,Libya,Country/Area,2021.0,6 696
4247,Morocco,Country/Area,2017.0,35 321
4248,Morocco,Country/Area,2018.0,35 735
4249,Morocco,Country/Area,2019.0,36 120
4250,Morocco,Country/Area,2020.0,36 489
4251,Morocco,Country/Area,2021.0,36 889
4319,Sudan,Country/Area,2017.0,39 998
4320,Sudan,Country/Area,2018.0,41 362
4321,Sudan,Country/Area,2019.0,42 636
4322,Sudan,Country/Area,2020.0,43 828
4323,Sudan,Country/Area,2021.0,45 053
4391,Tunisia,Country/Area,2017.0,11 749
4392,Tunisia,Country/Area,2018.0,11 874
4393,Tunisia,Country/Area,2019.0,11 992
4394,Tunisia,Country/Area,2020.0,12 106
4395,Tunisia,Country/Area,2021.0,12 217
4463,Western Sahara,Country/Area,2017.0,512
4464,Western Sahara,Country/Area,2018.0,526
4465,Western Sahara,Country/Area,2019.0,539
4466,Western Sahara,Country/Area,2020.0,551
4467,Western Sahara,Country/Area,2021.0,561
4535,Southern Africa,Subregion,2017.0,64 336
4536,Southern Africa,Subregion,2018.0,65 123
4537,Southern Africa,Subregion,2019.0,65 987
4538,Southern Africa,Subregion,2020.0,66 871
4539,Southern Africa,Subregion,2021.0,67 674
4607,Botswana,Country/Area,2017.0,2 377
4608,Botswana,Country/Area,2018.0,2 427
4609,Botswana,Country/Area,2019.0,2 476
4610,Botswana,Country/Area,2020.0,2 524
4611,Botswana,Country/Area,2021.0,2 569
4679,Eswatini,Country/Area,2017.0,1 147
4680,Eswatini,Country/Area,2018.0,1 156
4681,Eswatini,Country/Area,2019.0,1 165
4682,Eswatini,Country/Area,2020.0,1 174
4683,Eswatini,Country/Area,2021.0,1 187
4751,Lesotho,Country/Area,2017.0,2 157
4752,Lesotho,Country/Area,2018.0,2 184
4753,Lesotho,Country/Area,2019.0,2 212
4754,Lesotho,Country/Area,2020.0,2 240
4755,Lesotho,Country/Area,2021.0,2 269
4823,Namibia,Country/Area,2017.0,2 344
4824,Namibia,Country/Area,2018.0,2 385
4825,Namibia,Country/Area,2019.0,2 426
4826,Namibia,Country/Area,2020.0,2 467
4827,Namibia,Country/Area,2021.0,2 511
4895,South Africa,Country/Area,2017.0,56 311
4896,South Africa,Country/Area,2018.0,56 971
4897,South Africa,Country/Area,2019.0,57 708
4898,South Africa,Country/Area,2020.0,58 466
4899,South Africa,Country/Area,2021.0,59 138
4967,Western Africa,Subregion,2017.0,372 791
4968,Western Africa,Subregion,2018.0,382 739
4969,Western Africa,Subregion,2019.0,392 744
4970,Western Africa,Subregion,2020.0,402 909
4971,Western Africa,Subregion,2021.0,413 341
5039,Benin,Country/Area,2017.0,11 426
5040,Benin,Country/Area,2018.0,11 767
5041,Benin,Country/Area,2019.0,12 114
5042,Benin,Country/Area,2020.0,12 467
5043,Benin,Country/Area,2021.0,12 819
5111,Burkina Faso,Country/Area,2017.0,19 558
5112,Burkina Faso,Country/Area,2018.0,20 114
5113,Burkina Faso,Country/Area,2019.0,20 671
5114,Burkina Faso,Country/Area,2020.0,21 232
5115,Burkina Faso,Country/Area,2021.0,21 813
5183,Cabo Verde,Country/Area,2017.0,562
5184,Cabo Verde,Country/Area,2018.0,568
5185,Cabo Verde,Country/Area,2019.0,574
5186,Cabo Verde,Country/Area,2020.0,580
5187,Cabo Verde,Country/Area,2021.0,585
5255,Côte d'Ivoire,Country/Area,2017.0,24 526
5256,Côte d'Ivoire,Country/Area,2018.0,25 170
5257,Côte d'Ivoire,Country/Area,2019.0,25 818
5258,Côte d'Ivoire,Country/Area,2020.0,26 478
5259,Côte d'Ivoire,Country/Area,2021.0,27 146
5327,Gambia,Country/Area,2017.0,2 349
5328,Gambia,Country/Area,2018.0,2 413
5329,Gambia,Country/Area,2019.0,2 477
5330,Gambia,Country/Area,2020.0,2 541
5331,Gambia,Country/Area,2021.0,2 607
5399,Ghana,Country/Area,2017.0,29 899
5400,Ghana,Country/Area,2018.0,30 546
5401,Ghana,Country/Area,2019.0,31 195
5402,Ghana,Country/Area,2020.0,31 849
5403,Ghana,Country/Area,2021.0,32 512
5471,Guinea,Country/Area,2017.0,12 085
5472,Guinea,Country/Area,2018.0,12 396
5473,Guinea,Country/Area,2019.0,12 713
5474,Guinea,Country/Area,2020.0,13 042
5475,Guinea,Country/Area,2021.0,13 369
5543,Guinea-Bissau,Country/Area,2017.0,1 857
5544,Guinea-Bissau,Country/Area,2018.0,1 902
5545,Guinea-Bissau,Country/Area,2019.0,1 948
5546,Guinea-Bissau,Country/Area,2020.0,1 993
5547,Guinea-Bissau,Country/Area,2021.0,2 038
5615,Liberia,Country/Area,2017.0,4 751
5616,Liberia,Country/Area,2018.0,4 842
5617,Liberia,Country/Area,2019.0,4 936
5618,Liberia,Country/Area,2020.0,5 034
5619,Liberia,Country/Area,2021.0,5 141
5687,Mali,Country/Area,2017.0,19 002
5688,Mali,Country/Area,2018.0,19 621
5689,Mali,Country/Area,2019.0,20 248
5690,Mali,Country/Area,2020.0,20 887
5691,Mali,Country/Area,2021.0,21 561
5759,Mauritania,Country/Area,2017.0,4 105
5760,Mauritania,Country/Area,2018.0,4 215
5761,Mauritania,Country/Area,2019.0,4 327
5762,Mauritania,Country/Area,2020.0,4 441
5763,Mauritania,Country/Area,2021.0,4 556
5831,Niger,Country/Area,2017.0,21 327
5832,Niger,Country/Area,2018.0,22 149
5833,Niger,Country/Area,2019.0,23 005
5834,Niger,Country/Area,2020.0,23 882
5835,Niger,Country/Area,2021.0,24 786
5903,Nigeria,Country/Area,2017.0,191 045
5904,Nigeria,Country/Area,2018.0,195 947
5905,Nigeria,Country/Area,2019.0,200 828
5906,Nigeria,Country/Area,2020.0,205 781
5907,Nigeria,Country/Area,2021.0,210 874
5975,Saint Helena,Country/Area,2017.0,6
5976,Saint Helena,Country/Area,2018.0,5
5977,Saint Helena,Country/Area,2019.0,5
5978,Saint Helena,Country/Area,2020.0,5
5979,Saint Helena,Country/Area,2021.0,5
6047,Senegal,Country/Area,2017.0,14 952
6048,Senegal,Country/Area,2018.0,15 364
6049,Senegal,Country/Area,2019.0,15 786
6050,Senegal,Country/Area,2020.0,16 215
6051,Senegal,Country/Area,2021.0,16 657
6119,Sierra Leone,Country/Area,2017.0,7 586
6120,Sierra Leone,Country/Area,2018.0,7 769
6121,Sierra Leone,Country/Area,2019.0,7 953
6122,Sierra Leone,Country/Area,2020.0,8 140
6123,Sierra Leone,Country/Area,2021.0,8 328
6191,Togo,Country/Area,2017.0,7 756
6192,Togo,Country/Area,2018.0,7 949
6193,Togo,Country/Area,2019.0,8 144
6194,Togo,Country/Area,2020.0,8 342
6195,Togo,Country/Area,2021.0,8 543
6263,ASIA,Region,2017.0,4 526 641
6264,ASIA,Region,2018.0,4 569 966
6265,ASIA,Region,2019.0,4 610 077
6266,ASIA,Region,2020.0,4 647 858
6267,ASIA,Region,2021.0,4 680 790
6335,Central Asia,Subregion,2017.0,70 719
6336,Central Asia,Subregion,2018.0,71 832
6337,Central Asia,Subregion,2019.0,72 977
6338,Central Asia,Subregion,2020.0,74 124
6339,Central Asia,Subregion,2021.0,75 325
6407,Kazakhstan,Country/Area,2017.0,18 201
6408,Kazakhstan,Country/Area,2018.0,18 429
6409,Kazakhstan,Country/Area,2019.0,18 647
6410,Kazakhstan,Country/Area,2020.0,18 861
6411,Kazakhstan,Country/Area,2021.0,19 097
6479,Kyrgyzstan,Country/Area,2017.0,6 070
6480,Kyrgyzstan,Country/Area,2018.0,6 172
6481,Kyrgyzstan,Country/Area,2019.0,6 275
6482,Kyrgyzstan,Country/Area,2020.0,6 372
6483,Kyrgyzstan,Country/Area,2021.0,6 477
6551,Tajikistan,Country/Area,2017.0,8 826
6552,Tajikistan,Country/Area,2018.0,9 025
6553,Tajikistan,Country/Area,2019.0,9 231
6554,Tajikistan,Country/Area,2020.0,9 443
6555,Tajikistan,Country/Area,2021.0,9 644
6623,Turkmenistan,Country/Area,2017.0,5 919
6624,Turkmenistan,Country/Area,2018.0,6 018
6625,Turkmenistan,Country/Area,2019.0,6 112
6626,Turkmenistan,Country/Area,2020.0,6 204
6627,Turkmenistan,Country/Area,2021.0,6 297
6695,Uzbekistan,Country/Area,2017.0,31 703
6696,Uzbekistan,Country/Area,2018.0,32 189
6697,Uzbekistan,Country/Area,2019.0,32 710
6698,Uzbekistan,Country/Area,2020.0,33 243
6699,Uzbekistan,Country/Area,2021.0,33 810
6767,Eastern Asia,Subregion,2017.0,1 644 647
6768,Eastern Asia,Subregion,2018.0,1 653 008
6769,Eastern Asia,Subregion,2019.0,1 658 318
6770,Eastern Asia,Subregion,2020.0,1 662 451
6771,Eastern Asia,Subregion,2021.0,1 663 908
6839,China,Country/Area,2017.0,1 406 143
6840,China,Country/Area,2018.0,1 414 409
6841,China,Country/Area,2019.0,1 419 730
6842,China,Country/Area,2020.0,1 423 998
6843,China,Country/Area,2021.0,1 425 862
6911,"China, Hong Kong SAR",Country/Area,2017.0,7 450
6912,"China, Hong Kong SAR",Country/Area,2018.0,7 473
6913,"China, Hong Kong SAR",Country/Area,2019.0,7 490
6914,"China, Hong Kong SAR",Country/Area,2020.0,7 502
6915,"China, Hong Kong SAR",Country/Area,2021.0,7 500
6983,"China, Macao SAR",Country/Area,2017.0,633
6984,"China, Macao SAR",Country/Area,2018.0,645
6985,"China, Macao SAR",Country/Area,2019.0,657
6986,"China, Macao SAR",Country/Area,2020.0,670
6987,"China, Macao SAR",Country/Area,2021.0,683
7055,"China, Taiwan Province of China",Country/Area,2017.0,23 632
7056,"China, Taiwan Province of China",Country/Area,2018.0,23 698
7057,"China, Taiwan Province of China",Country/Area,2019.0,23 755
7058,"China, Taiwan Province of China",Country/Area,2020.0,23 801
7059,"China, Taiwan Province of China",Country/Area,2021.0,23 842
7127,Dem. People's Republic of Korea,Country/Area,2017.0,25 454
7128,Dem. People's Republic of Korea,Country/Area,2018.0,25 579
7129,Dem. People's Republic of Korea,Country/Area,2019.0,25 698
7130,Dem. People's Republic of Korea,Country/Area,2020.0,25 813
7131,Dem. People's Republic of Korea,Country/Area,2021.0,25 922
7199,Japan,Country/Area,2017.0,126 854
7200,Japan,Country/Area,2018.0,126 471
7201,Japan,Country/Area,2019.0,126 041
7202,Japan,Country/Area,2020.0,125 543
7203,Japan,Country/Area,2021.0,124 947
7271,Mongolia,Country/Area,2017.0,3 062
7272,Mongolia,Country/Area,2018.0,3 130
7273,Mongolia,Country/Area,2019.0,3 198
7274,Mongolia,Country/Area,2020.0,3 266
7275,Mongolia,Country/Area,2021.0,3 322
7343,Republic of Korea,Country/Area,2017.0,51 419
7344,Republic of Korea,Country/Area,2018.0,51 604
7345,Republic of Korea,Country/Area,2019.0,51 750
7346,Republic of Korea,Country/Area,2020.0,51 858
7347,Republic of Korea,Country/Area,2021.0,51 831
7415,Southern Asia,Subregion,2017.0,1 891 982
7416,Southern Asia,Subregion,2018.0,1 914 892
7417,Southern Asia,Subregion,2019.0,1 937 233
7418,Southern Asia,Subregion,2020.0,1 958 786
7419,Southern Asia,Subregion,2021.0,1 980 450
7487,Afghanistan,Country/Area,2017.0,35 126
7488,Afghanistan,Country/Area,2018.0,36 161
7489,Afghanistan,Country/Area,2019.0,37 213
7490,Afghanistan,Country/Area,2020.0,38 326
7491,Afghanistan,Country/Area,2021.0,39 618
7559,Bangladesh,Country/Area,2017.0,160 825
7560,Bangladesh,Country/Area,2018.0,162 762
7561,Bangladesh,Country/Area,2019.0,164 605
7562,Bangladesh,Country/Area,2020.0,166 427
7563,Bangladesh,Country/Area,2021.0,168 415
7631,Bhutan,Country/Area,2017.0,753
7632,Bhutan,Country/Area,2018.0,759
7633,Bhutan,Country/Area,2019.0,765
7634,Bhutan,Country/Area,2020.0,770
7635,Bhutan,Country/Area,2021.0,775
7703,India,Country/Area,2017.0,1 346 642
7704,India,Country/Area,2018.0,1 361 749
7705,India,Country/Area,2019.0,1 376 258
7706,India,Country/Area,2020.0,1 389 966
7707,India,Country/Area,2021.0,1 402 808
7775,Iran (Islamic Republic of),Country/Area,2017.0,83 913
7776,Iran (Islamic Republic of),Country/Area,2018.0,85 097
7777,Iran (Islamic Republic of),Country/Area,2019.0,86 138
7778,Iran (Islamic Republic of),Country/Area,2020.0,86 990
7779,Iran (Islamic Republic of),Country/Area,2021.0,87 590
7847,Maldives,Country/Area,2017.0,463
7848,Maldives,Country/Area,2018.0,481
7849,Maldives,Country/Area,2019.0,498
7850,Maldives,Country/Area,2020.0,511
7851,Maldives,Country/Area,2021.0,518
7919,Nepal,Country/Area,2017.0,28 019
7920,Nepal,Country/Area,2018.0,28 348
7921,Nepal,Country/Area,2019.0,28 666
7922,Nepal,Country/Area,2020.0,28 999
7923,Nepal,Country/Area,2021.0,29 698
7991,Pakistan,Country/Area,2017.0,214 770
7992,Pakistan,Country/Area,2018.0,217 989
7993,Pakistan,Country/Area,2019.0,221 474
7994,Pakistan,Country/Area,2020.0,225 113
7995,Pakistan,Country/Area,2021.0,229 281
8063,Sri Lanka,Country/Area,2017.0,21 468
8064,Sri Lanka,Country/Area,2018.0,21 545
8065,Sri Lanka,Country/Area,2019.0,21 616
8066,Sri Lanka,Country/Area,2020.0,21 683
8067,Sri Lanka,Country/Area,2021.0,21 747
8135,South-Eastern Asia,Subregion,2017.0,647 302
8136,South-Eastern Asia,Subregion,2018.0,654 097
8137,South-Eastern Asia,Subregion,2019.0,660 671
8138,South-Eastern Asia,Subregion,2020.0,667 123
8139,South-Eastern Asia,Subregion,2021.0,673 206
8207,Brunei Darussalam,Country/Area,2017.0,428
8208,Brunei Darussalam,Country/Area,2018.0,432
8209,Brunei Darussalam,Country/Area,2019.0,436
8210,Brunei Darussalam,Country/Area,2020.0,440
8211,Brunei Darussalam,Country/Area,2021.0,444
8279,Cambodia,Country/Area,2017.0,15 730
8280,Cambodia,Country/Area,2018.0,15 931
8281,Cambodia,Country/Area,2019.0,16 119
8282,Cambodia,Country/Area,2020.0,16 296
8283,Cambodia,Country/Area,2021.0,16 497
8351,Indonesia,Country/Area,2017.0,263 204
8352,Indonesia,Country/Area,2018.0,265 794
8353,Indonesia,Country/Area,2019.0,268 340
8354,Indonesia,Country/Area,2020.0,270 826
8355,Indonesia,Country/Area,2021.0,272 890
8423,Lao People's Democratic Republic,Country/Area,2017.0,6 944
8424,Lao People's Democratic Republic,Country/Area,2018.0,7 052
8425,Lao People's Democratic Republic,Country/Area,2019.0,7 158
8426,Lao People's Democratic Republic,Country/Area,2020.0,7 266
8427,Lao People's Democratic Republic,Country/Area,2021.0,7 373
8495,Malaysia,Country/Area,2017.0,31 757
8496,Malaysia,Country/Area,2018.0,32 194
8497,Malaysia,Country/Area,2019.0,32 604
8498,Malaysia,Country/Area,2020.0,33 004
8499,Malaysia,Country/Area,2021.0,33 396
8567,Myanmar,Country/Area,2017.0,52 097
8568,Myanmar,Country/Area,2018.0,52 480
8569,Myanmar,Country/Area,2019.0,52 852
8570,Myanmar,Country/Area,2020.0,53 228
8571,Myanmar,Country/Area,2021.0,53 618
8639,Philippines,Country/Area,2017.0,105 813
8640,Philippines,Country/Area,2018.0,107 664
8641,Philippines,Country/Area,2019.0,109 474
8642,Philippines,Country/Area,2020.0,111 288
8643,Philippines,Country/Area,2021.0,113 094
8711,Singapore,Country/Area,2017.0,5 739
8712,Singapore,Country/Area,2018.0,5 790
8713,Singapore,Country/Area,2019.0,5 839
8714,Singapore,Country/Area,2020.0,5 894
8715,Singapore,Country/Area,2021.0,5 926
8783,Thailand,Country/Area,2017.0,70 767
8784,Thailand,Country/Area,2018.0,71 029
8785,Thailand,Country/Area,2019.0,71 226
8786,Thailand,Country/Area,2020.0,71 389
8787,Thailand,Country/Area,2021.0,71 562
8855,Timor-Leste,Country/Area,2017.0,1 234
8856,Timor-Leste,Country/Area,2018.0,1 253
8857,Timor-Leste,Country/Area,2019.0,1 271
8858,Timor-Leste,Country/Area,2020.0,1 290
8859,Timor-Leste,Country/Area,2021.0,1 310
8927,Viet Nam,Country/Area,2017.0,93 587
8928,Viet Nam,Country/Area,2018.0,94 479
8929,Viet Nam,Country/Area,2019.0,95 350
8930,Viet Nam,Country/Area,2020.0,96 204
8931,Viet Nam,Country/Area,2021.0,97 094
8999,Western Asia,Subregion,2017.0,271 991
9000,Western Asia,Subregion,2018.0,276 137
9001,Western Asia,Subregion,2019.0,280 878
9002,Western Asia,Subregion,2020.0,285 374
9003,Western Asia,Subregion,2021.0,287 902
9071,Armenia,Country/Area,2017.0,2 859
9072,Armenia,Country/Area,2018.0,2 844
9073,Armenia,Country/Area,2019.0,2 829
9074,Armenia,Country/Area,2020.0,2 812
9075,Armenia,Country/Area,2021.0,2 799
9143,Azerbaijan,Country/Area,2017.0,10 030
9144,Azerbaijan,Country/Area,2018.0,10 113
9145,Azerbaijan,Country/Area,2019.0,10 192
9146,Azerbaijan,Country/Area,2020.0,10 274
9147,Azerbaijan,Country/Area,2021.0,10 296
9215,Bahrain,Country/Area,2017.0,1 433
9216,Bahrain,Country/Area,2018.0,1 480
9217,Bahrain,Country/Area,2019.0,1 494
9218,Bahrain,Country/Area,2020.0,1 494
9219,Bahrain,Country/Area,2021.0,1 461
9287,Cyprus,Country/Area,2017.0,1 203
9288,Cyprus,Country/Area,2018.0,1 214
9289,Cyprus,Country/Area,2019.0,1 224
9290,Cyprus,Country/Area,2020.0,1 234
9291,Cyprus,Country/Area,2021.0,1 241
9359,Georgia,Country/Area,2017.0,3 772
9360,Georgia,Country/Area,2018.0,3 772
9361,Georgia,Country/Area,2019.0,3 772
9362,Georgia,Country/Area,2020.0,3 769
9363,Georgia,Country/Area,2021.0,3 763
9431,Iraq,Country/Area,2017.0,39 145
9432,Iraq,Country/Area,2018.0,40 097
9433,Iraq,Country/Area,2019.0,41 084
9434,Iraq,Country/Area,2020.0,42 043
9435,Iraq,Country/Area,2021.0,43 071
9503,Israel,Country/Area,2017.0,8 236
9504,Israel,Country/Area,2018.0,8 383
9505,Israel,Country/Area,2019.0,8 530
9506,Israel,Country/Area,2020.0,8 686
9507,Israel,Country/Area,2021.0,8 829
9575,Jordan,Country/Area,2017.0,10 091
9576,Jordan,Country/Area,2018.0,10 339
9577,Jordan,Country/Area,2019.0,10 580
9578,Jordan,Country/Area,2020.0,10 817
9579,Jordan,Country/Area,2021.0,11 040
9647,Kuwait,Country/Area,2017.0,4 029
9648,Kuwait,Country/Area,2018.0,4 221
9649,Kuwait,Country/Area,2019.0,4 414
9650,Kuwait,Country/Area,2020.0,4 468
9651,Kuwait,Country/Area,2021.0,4 253
9719,Lebanon,Country/Area,2017.0,6 186
9720,Lebanon,Country/Area,2018.0,6 032
9721,Lebanon,Country/Area,2019.0,5 869
9722,Lebanon,Country/Area,2020.0,5 695
9723,Lebanon,Country/Area,2021.0,5 631
9791,Oman,Country/Area,2017.0,4 498
9792,Oman,Country/Area,2018.0,4 586
9793,Oman,Country/Area,2019.0,4 616
9794,Oman,Country/Area,2020.0,4 589
9795,Oman,Country/Area,2021.0,4 498
9863,Qatar,Country/Area,2017.0,2 676
9864,Qatar,Country/Area,2018.0,2 748
9865,Qatar,Country/Area,2019.0,2 786
9866,Qatar,Country/Area,2020.0,2 829
9867,Qatar,Country/Area,2021.0,2 692
9935,Saudi Arabia,Country/Area,2017.0,33 775
9936,Saudi Arabia,Country/Area,2018.0,34 612
9937,Saudi Arabia,Country/Area,2019.0,35 425
9938,Saudi Arabia,Country/Area,2020.0,36 230
9939,Saudi Arabia,Country/Area,2021.0,35 764
10007,State of Palestine,Country/Area,2017.0,4 648
10008,State of Palestine,Country/Area,2018.0,4 754
10009,State of Palestine,Country/Area,2019.0,4 858
10010,State of Palestine,Country/Area,2020.0,4 962
10011,State of Palestine,Country/Area,2021.0,5 077
10079,Syrian Arab Republic,Country/Area,2017.0,19 010
10080,Syrian Arab Republic,Country/Area,2018.0,18 956
10081,Syrian Arab Republic,Country/Area,2019.0,19 710
10082,Syrian Arab Republic,Country/Area,2020.0,20 486
10083,Syrian Arab Republic,Country/Area,2021.0,21 059
10151,Türkiye,Country/Area,2017.0,81 713
10152,Türkiye,Country/Area,2018.0,82 467
10153,Türkiye,Country/Area,2019.0,83 152
10154,Türkiye,Country/Area,2020.0,83 812
10155,Türkiye,Country/Area,2021.0,84 459
10223,United Arab Emirates,Country/Area,2017.0,9 032
10224,United Arab Emirates,Country/Area,2018.0,9 105
10225,United Arab Emirates,Country/Area,2019.0,9 176
10226,United Arab Emirates,Country/Area,2020.0,9 248
10227,United Arab Emirates,Country/Area,2021.0,9 327
10295,Yemen,Country/Area,2017.0,29 654
10296,Yemen,Country/Area,2018.0,30 415
10297,Yemen,Country/Area,2019.0,31 166
10298,Yemen,Country/Area,2020.0,31 927
10299,Yemen,Country/Area,2021.0,32 641
10367,EUROPE,Region,2017.0,743 962
10368,EUROPE,Region,2018.0,744 936
10369,EUROPE,Region,2019.0,745 782
10370,EUROPE,Region,2020.0,746 597
10371,EUROPE,Region,2021.0,745 853
10439,Eastern Europe,Subregion,2017.0,294 241
10440,Eastern Europe,Subregion,2018.0,294 102
10441,Eastern Europe,Subregion,2019.0,293 778
10442,Eastern Europe,Subregion,2020.0,293 362
10443,Eastern Europe,Subregion,2021.0,292 305
10511,Belarus,Country/Area,2017.0,9 712
10512,Belarus,Country/Area,2018.0,9 704
10513,Belarus,Country/Area,2019.0,9 687
10514,Belarus,Country/Area,2020.0,9 661
10515,Belarus,Country/Area,2021.0,9 606
10583,Bulgaria,Country/Area,2017.0,7 215
10584,Bulgaria,Country/Area,2018.0,7 150
10585,Bulgaria,Country/Area,2019.0,7 085
10586,Bulgaria,Country/Area,2020.0,7 020
10587,Bulgaria,Country/Area,2021.0,6 938
10655,Czechia,Country/Area,2017.0,10 529
10656,Czechia,Country/Area,2018.0,10 533
10657,Czechia,Country/Area,2019.0,10 536
10658,Czechia,Country/Area,2020.0,10 538
10659,Czechia,Country/Area,2021.0,10 524
10727,Hungary,Country/Area,2017.0,9 799
10728,Hungary,Country/Area,2018.0,9 779
10729,Hungary,Country/Area,2019.0,9 773
10730,Hungary,Country/Area,2020.0,9 770
10731,Hungary,Country/Area,2021.0,9 731
10799,Poland,Country/Area,2017.0,38 532
10800,Poland,Country/Area,2018.0,38 534
10801,Poland,Country/Area,2019.0,38 509
10802,Poland,Country/Area,2020.0,38 478
10803,Poland,Country/Area,2021.0,38 379
10871,Republic of Moldova,Country/Area,2017.0,3 201
10872,Republic of Moldova,Country/Area,2018.0,3 160
10873,Republic of Moldova,Country/Area,2019.0,3 124
10874,Republic of Moldova,Country/Area,2020.0,3 095
10875,Republic of Moldova,Country/Area,2021.0,3 075
10943,Romania,Country/Area,2017.0,19 743
10944,Romania,Country/Area,2018.0,19 655
10945,Romania,Country/Area,2019.0,19 559
10946,Romania,Country/Area,2020.0,19 490
10947,Romania,Country/Area,2021.0,19 394
11015,Russian Federation,Country/Area,2017.0,145 323
11016,Russian Federation,Country/Area,2018.0,145 582
11017,Russian Federation,Country/Area,2019.0,145 723
11018,Russian Federation,Country/Area,2020.0,145 762
11019,Russian Federation,Country/Area,2021.0,145 473
11087,Slovakia,Country/Area,2017.0,5 436
11088,Slovakia,Country/Area,2018.0,5 443
11089,Slovakia,Country/Area,2019.0,5 450
11090,Slovakia,Country/Area,2020.0,5 458
11091,Slovakia,Country/Area,2021.0,5 456
11159,Ukraine,Country/Area,2017.0,44 752
11160,Ukraine,Country/Area,2018.0,44 562
11161,Ukraine,Country/Area,2019.0,44 331
11162,Ukraine,Country/Area,2020.0,44 091
11163,Ukraine,Country/Area,2021.0,43 729
11231,Northern Europe,Subregion,2017.0,103 937
11232,Northern Europe,Subregion,2018.0,104 537
11233,Northern Europe,Subregion,2019.0,105 089
11234,Northern Europe,Subregion,2020.0,105 645
11235,Northern Europe,Subregion,2021.0,106 016
11303,Denmark,Country/Area,2017.0,5 722
11304,Denmark,Country/Area,2018.0,5 752
11305,Denmark,Country/Area,2019.0,5 781
11306,Denmark,Country/Area,2020.0,5 811
11307,Denmark,Country/Area,2021.0,5 841
11375,Estonia,Country/Area,2017.0,1 316
11376,Estonia,Country/Area,2018.0,1 319
11377,Estonia,Country/Area,2019.0,1 325
11378,Estonia,Country/Area,2020.0,1 329
11379,Estonia,Country/Area,2021.0,1 330
11447,Faroe Islands,Country/Area,2017.0,50
11448,Faroe Islands,Country/Area,2018.0,51
11449,Faroe Islands,Country/Area,2019.0,51
11450,Faroe Islands,Country/Area,2020.0,52
11451,Faroe Islands,Country/Area,2021.0,53
11519,Finland,Country/Area,2017.0,5 503
11520,Finland,Country/Area,2018.0,5 513
11521,Finland,Country/Area,2019.0,5 518
11522,Finland,Country/Area,2020.0,5 525
11523,Finland,Country/Area,2021.0,5 534
11591,Guernsey,Country/Area,2017.0,62
11592,Guernsey,Country/Area,2018.0,62
11593,Guernsey,Country/Area,2019.0,62
11594,Guernsey,Country/Area,2020.0,63
11595,Guernsey,Country/Area,2021.0,63
11663,Iceland,Country/Area,2017.0,339
11664,Iceland,Country/Area,2018.0,349
11665,Iceland,Country/Area,2019.0,357
11666,Iceland,Country/Area,2020.0,364
11667,Iceland,Country/Area,2021.0,369
11735,Ireland,Country/Area,2017.0,4 742
11736,Ireland,Country/Area,2018.0,4 802
11737,Ireland,Country/Area,2019.0,4 867
11738,Ireland,Country/Area,2020.0,4 925
11739,Ireland,Country/Area,2021.0,4 967
11807,Isle of Man,Country/Area,2017.0,83
11808,Isle of Man,Country/Area,2018.0,84
11809,Isle of Man,Country/Area,2019.0,84
11810,Isle of Man,Country/Area,2020.0,84
11811,Isle of Man,Country/Area,2021.0,84
11879,Jersey,Country/Area,2017.0,103
11880,Jersey,Country/Area,2018.0,104
11881,Jersey,Country/Area,2019.0,106
11882,Jersey,Country/Area,2020.0,108
11883,Jersey,Country/Area,2021.0,109
11951,Latvia,Country/Area,2017.0,1 964
11952,Latvia,Country/Area,2018.0,1 945
11953,Latvia,Country/Area,2019.0,1 926
11954,Latvia,Country/Area,2020.0,1 907
11955,Latvia,Country/Area,2021.0,1 887
12023,Lithuania,Country/Area,2017.0,2 919
12024,Lithuania,Country/Area,2018.0,2 890
12025,Lithuania,Country/Area,2019.0,2 862
12026,Lithuania,Country/Area,2020.0,2 836
12027,Lithuania,Country/Area,2021.0,2 805
12095,Norway,Country/Area,2017.0,5 259
12096,Norway,Country/Area,2018.0,5 296
12097,Norway,Country/Area,2019.0,5 329
12098,Norway,Country/Area,2020.0,5 368
12099,Norway,Country/Area,2021.0,5 392
12167,Sweden,Country/Area,2017.0,10 006
12168,Sweden,Country/Area,2018.0,10 110
12169,Sweden,Country/Area,2019.0,10 214
12170,Sweden,Country/Area,2020.0,10 321
12171,Sweden,Country/Area,2021.0,10 417
12239,United Kingdom,Country/Area,2017.0,65 870
12240,United Kingdom,Country/Area,2018.0,66 260
12241,United Kingdom,Country/Area,2019.0,66 606
12242,United Kingdom,Country/Area,2020.0,66 951
12243,United Kingdom,Country/Area,2021.0,67 168
12311,Southern Europe,Subregion,2017.0,152 850
12312,Southern Europe,Subregion,2018.0,152 670
12313,Southern Europe,Subregion,2019.0,152 648
12314,Southern Europe,Subregion,2020.0,152 713
12315,Southern Europe,Subregion,2021.0,152 295
12383,Albania,Country/Area,2017.0,2 880
12384,Albania,Country/Area,2018.0,2 878
12385,Albania,Country/Area,2019.0,2 876
12386,Albania,Country/Area,2020.0,2 872
12387,Albania,Country/Area,2021.0,2 862
12455,Andorra,Country/Area,2017.0,73
12456,Andorra,Country/Area,2018.0,74
12457,Andorra,Country/Area,2019.0,76
12458,Andorra,Country/Area,2020.0,77
12459,Andorra,Country/Area,2021.0,78
12527,Bosnia and Herzegovina,Country/Area,2017.0,3 460
12528,Bosnia and Herzegovina,Country/Area,2018.0,3 420
12529,Bosnia and Herzegovina,Country/Area,2019.0,3 380
12530,Bosnia and Herzegovina,Country/Area,2020.0,3 341
12531,Bosnia and Herzegovina,Country/Area,2021.0,3 296
12599,Croatia,Country/Area,2017.0,4 209
12600,Croatia,Country/Area,2018.0,4 176
12601,Croatia,Country/Area,2019.0,4 145
12602,Croatia,Country/Area,2020.0,4 115
12603,Croatia,Country/Area,2021.0,4 079
12671,Gibraltar,Country/Area,2017.0,33
12672,Gibraltar,Country/Area,2018.0,33
12673,Gibraltar,Country/Area,2019.0,33
12674,Gibraltar,Country/Area,2020.0,33
12675,Gibraltar,Country/Area,2021.0,33
12743,Greece,Country/Area,2017.0,10 723
12744,Greece,Country/Area,2018.0,10 662
12745,Greece,Country/Area,2019.0,10 605
12746,Greece,Country/Area,2020.0,10 543
12747,Greece,Country/Area,2021.0,10 481
12815,Holy See,Country/Area,2017.0,1
12816,Holy See,Country/Area,2018.0,1
12817,Holy See,Country/Area,2019.0,1
12818,Holy See,Country/Area,2020.0,1
12819,Holy See,Country/Area,2021.0,1
12887,Italy,Country/Area,2017.0,60 069
12888,Italy,Country/Area,2018.0,59 939
12889,Italy,Country/Area,2019.0,59 816
12890,Italy,Country/Area,2020.0,59 640
12891,Italy,Country/Area,2021.0,59 361
12959,Kosovo (under UNSC res. 1244),Country/Area,2017.0,1 742
12960,Kosovo (under UNSC res. 1244),Country/Area,2018.0,1 721
12961,Kosovo (under UNSC res. 1244),Country/Area,2019.0,1 699
12962,Kosovo (under UNSC res. 1244),Country/Area,2020.0,1 675
12963,Kosovo (under UNSC res. 1244),Country/Area,2021.0,1 666
13031,Malta,Country/Area,2017.0,473
13032,Malta,Country/Area,2018.0,485
13033,Malta,Country/Area,2019.0,498
13034,Malta,Country/Area,2020.0,510
13035,Malta,Country/Area,2021.0,521
13103,Montenegro,Country/Area,2017.0,633
13104,Montenegro,Country/Area,2018.0,632
13105,Montenegro,Country/Area,2019.0,631
13106,Montenegro,Country/Area,2020.0,630
13107,Montenegro,Country/Area,2021.0,628
13175,North Macedonia,Country/Area,2017.0,2 111
13176,North Macedonia,Country/Area,2018.0,2 113
13177,North Macedonia,Country/Area,2019.0,2 114
13178,North Macedonia,Country/Area,2020.0,2 114
13179,North Macedonia,Country/Area,2021.0,2 108
13247,Portugal,Country/Area,2017.0,10 317
13248,Portugal,Country/Area,2018.0,10 298
13249,Portugal,Country/Area,2019.0,10 281
13250,Portugal,Country/Area,2020.0,10 298
13251,Portugal,Country/Area,2021.0,10 298
13319,San Marino,Country/Area,2017.0,34
13320,San Marino,Country/Area,2018.0,34
13321,San Marino,Country/Area,2019.0,34
13322,San Marino,Country/Area,2020.0,34
13323,San Marino,Country/Area,2021.0,34
13391,Serbia,Country/Area,2017.0,7 480
13392,Serbia,Country/Area,2018.0,7 450
13393,Serbia,Country/Area,2019.0,7 418
13394,Serbia,Country/Area,2020.0,7 384
13395,Serbia,Country/Area,2021.0,7 332
13463,Slovenia,Country/Area,2017.0,2 094
13464,Slovenia,Country/Area,2018.0,2 102
13465,Slovenia,Country/Area,2019.0,2 110
13466,Slovenia,Country/Area,2020.0,2 116
13467,Slovenia,Country/Area,2021.0,2 119
13535,Spain,Country/Area,2017.0,46 517
13536,Spain,Country/Area,2018.0,46 651
13537,Spain,Country/Area,2019.0,46 933
13538,Spain,Country/Area,2020.0,47 330
13539,Spain,Country/Area,2021.0,47 398
13607,Western Europe,Subregion,2017.0,192 934
13608,Western Europe,Subregion,2018.0,193 627
13609,Western Europe,Subregion,2019.0,194 267
13610,Western Europe,Subregion,2020.0,194 878
13611,Western Europe,Subregion,2021.0,195 237
13679,Austria,Country/Area,2017.0,8 773
13680,Austria,Country/Area,2018.0,8 822
13681,Austria,Country/Area,2019.0,8 859
13682,Austria,Country/Area,2020.0,8 901
13683,Austria,Country/Area,2021.0,8 914
13751,Belgium,Country/Area,2017.0,11 352
13752,Belgium,Country/Area,2018.0,11 417
13753,Belgium,Country/Area,2019.0,11 480
13754,Belgium,Country/Area,2020.0,11 541
13755,Belgium,Country/Area,2021.0,11 582
13823,France,Country/Area,2017.0,64 074
13824,France,Country/Area,2018.0,64 214
13825,France,Country/Area,2019.0,64 342
13826,France,Country/Area,2020.0,64 458
13827,France,Country/Area,2021.0,64 502
13895,Germany,Country/Area,2017.0,82 484
13896,Germany,Country/Area,2018.0,82 765
13897,Germany,Country/Area,2019.0,83 029
13898,Germany,Country/Area,2020.0,83 268
13899,Germany,Country/Area,2021.0,83 390
13967,Liechtenstein,Country/Area,2017.0,38
13968,Liechtenstein,Country/Area,2018.0,38
13969,Liechtenstein,Country/Area,2019.0,38
13970,Liechtenstein,Country/Area,2020.0,39
13971,Liechtenstein,Country/Area,2021.0,39
14039,Luxembourg,Country/Area,2017.0,591
14040,Luxembourg,Country/Area,2018.0,602
14041,Luxembourg,Country/Area,2019.0,614
14042,Luxembourg,Country/Area,2020.0,626
14043,Luxembourg,Country/Area,2021.0,635
14111,Monaco,Country/Area,2017.0,37
14112,Monaco,Country/Area,2018.0,37
14113,Monaco,Country/Area,2019.0,37
14114,Monaco,Country/Area,2020.0,37
14115,Monaco,Country/Area,2021.0,37
14183,Netherlands,Country/Area,2017.0,17 167
14184,Netherlands,Country/Area,2018.0,17 248
14185,Netherlands,Country/Area,2019.0,17 324
14186,Netherlands,Country/Area,2020.0,17 402
14187,Netherlands,Country/Area,2021.0,17 467
14255,Switzerland,Country/Area,2017.0,8 419
14256,Switzerland,Country/Area,2018.0,8 484
14257,Switzerland,Country/Area,2019.0,8 545
14258,Switzerland,Country/Area,2020.0,8 606
14259,Switzerland,Country/Area,2021.0,8 671
14327,LATIN AMERICA AND THE CARIBBEAN,Region,2017.0,632 458
14328,LATIN AMERICA AND THE CARIBBEAN,Region,2018.0,638 438
14329,LATIN AMERICA AND THE CARIBBEAN,Region,2019.0,644 170
14330,LATIN AMERICA AND THE CARIBBEAN,Region,2020.0,649 524
14331,LATIN AMERICA AND THE CARIBBEAN,Region,2021.0,654 148
14399,Caribbean,Subregion,2017.0,43 102
14400,Caribbean,Subregion,2018.0,43 316
14401,Caribbean,Subregion,2019.0,43 623
14402,Caribbean,Subregion,2020.0,43 832
14403,Caribbean,Subregion,2021.0,44 092
14471,Anguilla,Country/Area,2017.0,15
14472,Anguilla,Country/Area,2018.0,15
14473,Anguilla,Country/Area,2019.0,15
14474,Anguilla,Country/Area,2020.0,15
14475,Anguilla,Country/Area,2021.0,16
14543,Antigua and Barbuda,Country/Area,2017.0,91
14544,Antigua and Barbuda,Country/Area,2018.0,91
14545,Antigua and Barbuda,Country/Area,2019.0,92
14546,Antigua and Barbuda,Country/Area,2020.0,92
14547,Antigua and Barbuda,Country/Area,2021.0,93
14615,Aruba,Country/Area,2017.0,105
14616,Aruba,Country/Area,2018.0,106
14617,Aruba,Country/Area,2019.0,106
14618,Aruba,Country/Area,2020.0,107
14619,Aruba,Country/Area,2021.0,107
14687,Bahamas,Country/Area,2017.0,398
14688,Bahamas,Country/Area,2018.0,400
14689,Bahamas,Country/Area,2019.0,403
14690,Bahamas,Country/Area,2020.0,406
14691,Bahamas,Country/Area,2021.0,407
14759,Barbados,Country/Area,2017.0,279
14760,Barbados,Country/Area,2018.0,279
14761,Barbados,Country/Area,2019.0,280
14762,Barbados,Country/Area,2020.0,280
14763,Barbados,Country/Area,2021.0,281
14831,"Bonaire, Sint Eustatius and Saba",Country/Area,2017.0,24
14832,"Bonaire, Sint Eustatius and Saba",Country/Area,2018.0,25
14833,"Bonaire, Sint Eustatius and Saba",Country/Area,2019.0,25
14834,"Bonaire, Sint Eustatius and Saba",Country/Area,2020.0,26
14835,"Bonaire, Sint Eustatius and Saba",Country/Area,2021.0,26
14903,British Virgin Islands,Country/Area,2017.0,30
14904,British Virgin Islands,Country/Area,2018.0,30
14905,British Virgin Islands,Country/Area,2019.0,30
14906,British Virgin Islands,Country/Area,2020.0,31
14907,British Virgin Islands,Country/Area,2021.0,31
14975,Cayman Islands,Country/Area,2017.0,63
14976,Cayman Islands,Country/Area,2018.0,64
14977,Cayman Islands,Country/Area,2019.0,66
14978,Cayman Islands,Country/Area,2020.0,67
14979,Cayman Islands,Country/Area,2021.0,68
15047,Cuba,Country/Area,2017.0,11 340
15048,Cuba,Country/Area,2018.0,11 332
15049,Cuba,Country/Area,2019.0,11 324
15050,Cuba,Country/Area,2020.0,11 309
15051,Cuba,Country/Area,2021.0,11 292
15119,Curaçao,Country/Area,2017.0,171
15120,Curaçao,Country/Area,2018.0,172
15121,Curaçao,Country/Area,2019.0,198
15122,Curaçao,Country/Area,2020.0,189
15123,Curaçao,Country/Area,2021.0,190
15191,Dominica,Country/Area,2017.0,70
15192,Dominica,Country/Area,2018.0,71
15193,Dominica,Country/Area,2019.0,71
15194,Dominica,Country/Area,2020.0,72
15195,Dominica,Country/Area,2021.0,72
15263,Dominican Republic,Country/Area,2017.0,10 588
15264,Dominican Republic,Country/Area,2018.0,10 707
15265,Dominican Republic,Country/Area,2019.0,10 824
15266,Dominican Republic,Country/Area,2020.0,10 939
15267,Dominican Republic,Country/Area,2021.0,11 060
15335,Grenada,Country/Area,2017.0,120
15336,Grenada,Country/Area,2018.0,121
15337,Grenada,Country/Area,2019.0,122
15338,Grenada,Country/Area,2020.0,123
15339,Grenada,Country/Area,2021.0,124
15407,Guadeloupe,Country/Area,2017.0,397
15408,Guadeloupe,Country/Area,2018.0,397
15409,Guadeloupe,Country/Area,2019.0,396
15410,Guadeloupe,Country/Area,2020.0,395
15411,Guadeloupe,Country/Area,2021.0,396
15479,Haiti,Country/Area,2017.0,10 789
15480,Haiti,Country/Area,2018.0,10 938
15481,Haiti,Country/Area,2019.0,11 086
15482,Haiti,Country/Area,2020.0,11 235
15483,Haiti,Country/Area,2021.0,11 379
15551,Jamaica,Country/Area,2017.0,2 806
15552,Jamaica,Country/Area,2018.0,2 811
15553,Jamaica,Country/Area,2019.0,2 813
15554,Jamaica,Country/Area,2020.0,2 814
15555,Jamaica,Country/Area,2021.0,2 826
15623,Martinique,Country/Area,2017.0,379
15624,Martinique,Country/Area,2018.0,376
15625,Martinique,Country/Area,2019.0,374
15626,Martinique,Country/Area,2020.0,371
15627,Martinique,Country/Area,2021.0,370
15695,Montserrat,Country/Area,2017.0,5
15696,Montserrat,Country/Area,2018.0,4
15697,Montserrat,Country/Area,2019.0,4
15698,Montserrat,Country/Area,2020.0,5
15699,Montserrat,Country/Area,2021.0,4
15767,Puerto Rico,Country/Area,2017.0,3 400
15768,Puerto Rico,Country/Area,2018.0,3 333
15769,Puerto Rico,Country/Area,2019.0,3 306
15770,Puerto Rico,Country/Area,2020.0,3 280
15771,Puerto Rico,Country/Area,2021.0,3 263
15839,Saint Barthélemy,Country/Area,2017.0,10
15840,Saint Barthélemy,Country/Area,2018.0,10
15841,Saint Barthélemy,Country/Area,2019.0,10
15842,Saint Barthélemy,Country/Area,2020.0,11
15843,Saint Barthélemy,Country/Area,2021.0,11
15911,Saint Kitts and Nevis,Country/Area,2017.0,48
15912,Saint Kitts and Nevis,Country/Area,2018.0,48
15913,Saint Kitts and Nevis,Country/Area,2019.0,48
15914,Saint Kitts and Nevis,Country/Area,2020.0,48
15915,Saint Kitts and Nevis,Country/Area,2021.0,48
15983,Saint Lucia,Country/Area,2017.0,177
15984,Saint Lucia,Country/Area,2018.0,178
15985,Saint Lucia,Country/Area,2019.0,178
15986,Saint Lucia,Country/Area,2020.0,179
15987,Saint Lucia,Country/Area,2021.0,180
16055,Saint Martin (French part),Country/Area,2017.0,35
16056,Saint Martin (French part),Country/Area,2018.0,34
16057,Saint Martin (French part),Country/Area,2019.0,33
16058,Saint Martin (French part),Country/Area,2020.0,33
16059,Saint Martin (French part),Country/Area,2021.0,32
16127,Saint Vincent and the Grenadines,Country/Area,2017.0,106
16128,Saint Vincent and the Grenadines,Country/Area,2018.0,105
16129,Saint Vincent and the Grenadines,Country/Area,2019.0,105
16130,Saint Vincent and the Grenadines,Country/Area,2020.0,105
16131,Saint Vincent and the Grenadines,Country/Area,2021.0,105
16199,Sint Maarten (Dutch part),Country/Area,2017.0,42
16200,Sint Maarten (Dutch part),Country/Area,2018.0,42
16201,Sint Maarten (Dutch part),Country/Area,2019.0,43
16202,Sint Maarten (Dutch part),Country/Area,2020.0,43
16203,Sint Maarten (Dutch part),Country/Area,2021.0,44
16271,Trinidad and Tobago,Country/Area,2017.0,1 474
16272,Trinidad and Tobago,Country/Area,2018.0,1 483
16273,Trinidad and Tobago,Country/Area,2019.0,1 526
16274,Trinidad and Tobago,Country/Area,2020.0,1 514
16275,Trinidad and Tobago,Country/Area,2021.0,1 522
16343,Turks and Caicos Islands,Country/Area,2017.0,39
16344,Turks and Caicos Islands,Country/Area,2018.0,41
16345,Turks and Caicos Islands,Country/Area,2019.0,42
16346,Turks and Caicos Islands,Country/Area,2020.0,44
16347,Turks and Caicos Islands,Country/Area,2021.0,45
16415,United States Virgin Islands,Country/Area,2017.0,102
16416,United States Virgin Islands,Country/Area,2018.0,102
16417,United States Virgin Islands,Country/Area,2019.0,101
16418,United States Virgin Islands,Country/Area,2020.0,101
16419,United States Virgin Islands,Country/Area,2021.0,100
16487,Central America,Subregion,2017.0,170 290
16488,Central America,Subregion,2018.0,172 223
16489,Central America,Subregion,2019.0,173 964
16490,Central America,Subregion,2020.0,175 637
16491,Central America,Subregion,2021.0,177 050
16559,Belize,Country/Area,2017.0,371
16560,Belize,Country/Area,2018.0,378
16561,Belize,Country/Area,2019.0,386
16562,Belize,Country/Area,2020.0,392
16563,Belize,Country/Area,2021.0,397
16631,Costa Rica,Country/Area,2017.0,4 970
16632,Costa Rica,Country/Area,2018.0,5 018
16633,Costa Rica,Country/Area,2019.0,5 064
16634,Costa Rica,Country/Area,2020.0,5 105
16635,Costa Rica,Country/Area,2021.0,5 141
16703,El Salvador,Country/Area,2017.0,6 260
16704,El Salvador,Country/Area,2018.0,6 273
16705,El Salvador,Country/Area,2019.0,6 280
16706,El Salvador,Country/Area,2020.0,6 281
16707,El Salvador,Country/Area,2021.0,6 305
16775,Guatemala,Country/Area,2017.0,16 439
16776,Guatemala,Country/Area,2018.0,16 719
16777,Guatemala,Country/Area,2019.0,16 982
16778,Guatemala,Country/Area,2020.0,17 231
16779,Guatemala,Country/Area,2021.0,17 494
16847,Honduras,Country/Area,2017.0,9 544
16848,Honduras,Country/Area,2018.0,9 710
16849,Honduras,Country/Area,2019.0,9 876
16850,Honduras,Country/Area,2020.0,10 042
16851,Honduras,Country/Area,2021.0,10 202
16919,Mexico,Country/Area,2017.0,122 211
16920,Mexico,Country/Area,2018.0,123 468
16921,Mexico,Country/Area,2019.0,124 560
16922,Mexico,Country/Area,2020.0,125 610
16923,Mexico,Country/Area,2021.0,126 386
16991,Nicaragua,Country/Area,2017.0,6 435
16992,Nicaragua,Country/Area,2018.0,6 526
16993,Nicaragua,Country/Area,2019.0,6 618
16994,Nicaragua,Country/Area,2020.0,6 710
16995,Nicaragua,Country/Area,2021.0,6 802
17063,Panama,Country/Area,2017.0,4 061
17064,Panama,Country/Area,2018.0,4 131
17065,Panama,Country/Area,2019.0,4 200
17066,Panama,Country/Area,2020.0,4 266
17067,Panama,Country/Area,2021.0,4 323
17135,South America,Subregion,2017.0,419 066
17136,South America,Subregion,2018.0,422 899
17137,South America,Subregion,2019.0,426 582
17138,South America,Subregion,2020.0,430 054
17139,South America,Subregion,2021.0,433 006
17207,Argentina,Country/Area,2017.0,43 865
17208,Argentina,Country/Area,2018.0,44 245
17209,Argentina,Country/Area,2019.0,44 583
17210,Argentina,Country/Area,2020.0,44 908
17211,Argentina,Country/Area,2021.0,45 164
17279,Bolivia (Plurinational State of),Country/Area,2017.0,11 350
17280,Bolivia (Plurinational State of),Country/Area,2018.0,11 522
17281,Bolivia (Plurinational State of),Country/Area,2019.0,11 692
17282,Bolivia (Plurinational State of),Country/Area,2020.0,11 862
17283,Bolivia (Plurinational State of),Country/Area,2021.0,12 010
17351,Brazil,Country/Area,2017.0,207 678
17352,Brazil,Country/Area,2018.0,209 332
17353,Brazil,Country/Area,2019.0,211 001
17354,Brazil,Country/Area,2020.0,212 565
17355,Brazil,Country/Area,2021.0,213 828
17423,Chile,Country/Area,2017.0,18 207
17424,Chile,Country/Area,2018.0,18 531
17425,Chile,Country/Area,2019.0,18 872
17426,Chile,Country/Area,2020.0,19 207
17427,Chile,Country/Area,2021.0,19 394
17495,Colombia,Country/Area,2017.0,47 907
17496,Colombia,Country/Area,2018.0,48 796
17497,Colombia,Country/Area,2019.0,49 758
17498,Colombia,Country/Area,2020.0,50 617
17499,Colombia,Country/Area,2021.0,51 244
17567,Ecuador,Country/Area,2017.0,16 563
17568,Ecuador,Country/Area,2018.0,16 831
17569,Ecuador,Country/Area,2019.0,17 200
17570,Ecuador,Country/Area,2020.0,17 487
17571,Ecuador,Country/Area,2021.0,17 690
17639,Falkland Islands (Malvinas),Country/Area,2017.0,4
17640,Falkland Islands (Malvinas),Country/Area,2018.0,4
17641,Falkland Islands (Malvinas),Country/Area,2019.0,4
17642,Falkland Islands (Malvinas),Country/Area,2020.0,4
17643,Falkland Islands (Malvinas),Country/Area,2021.0,4
17711,French Guiana,Country/Area,2017.0,266
17712,French Guiana,Country/Area,2018.0,273
17713,French Guiana,Country/Area,2019.0,280
17714,French Guiana,Country/Area,2020.0,288
17715,French Guiana,Country/Area,2021.0,294
17783,Guyana,Country/Area,2017.0,761
17784,Guyana,Country/Area,2018.0,765
17785,Guyana,Country/Area,2019.0,806
17786,Guyana,Country/Area,2020.0,792
17787,Guyana,Country/Area,2021.0,803
17855,Paraguay,Country/Area,2017.0,6 311
17856,Paraguay,Country/Area,2018.0,6 400
17857,Paraguay,Country/Area,2019.0,6 487
17858,Paraguay,Country/Area,2020.0,6 573
17859,Paraguay,Country/Area,2021.0,6 664
17927,Peru,Country/Area,2017.0,31 363
17928,Peru,Country/Area,2018.0,31 848
17929,Peru,Country/Area,2019.0,32 559
17930,Peru,Country/Area,2020.0,33 090
17931,Peru,Country/Area,2021.0,33 519
17999,Suriname,Country/Area,2017.0,584
18000,Suriname,Country/Area,2018.0,591
18001,Suriname,Country/Area,2019.0,597
18002,Suriname,Country/Area,2020.0,604
18003,Suriname,Country/Area,2021.0,610
18071,Uruguay,Country/Area,2017.0,3 419
18072,Uruguay,Country/Area,2018.0,3 426
18073,Uruguay,Country/Area,2019.0,3 429
18074,Uruguay,Country/Area,2020.0,3 428
18075,Uruguay,Country/Area,2021.0,3 430
18143,Venezuela (Bolivarian Republic of),Country/Area,2017.0,30 790
18144,Venezuela (Bolivarian Republic of),Country/Area,2018.0,30 337
18145,Venezuela (Bolivarian Republic of),Country/Area,2019.0,29 315
18146,Venezuela (Bolivarian Republic of),Country/Area,2020.0,28 629
18147,Venezuela (Bolivarian Republic of),Country/Area,2021.0,28 352
18215,NORTHERN AMERICA,Region,2017.0,365 004
18216,NORTHERN AMERICA,Region,2018.0,367 938
18217,NORTHERN AMERICA,Region,2019.0,370 664
18218,NORTHERN AMERICA,Region,2020.0,373 272
18219,NORTHERN AMERICA,Region,2021.0,374 641
18287,Bermuda,Country/Area,2017.0,63
18288,Bermuda,Country/Area,2018.0,63
18289,Bermuda,Country/Area,2019.0,64
18290,Bermuda,Country/Area,2020.0,64
18291,Bermuda,Country/Area,2021.0,64
18359,Canada,Country/Area,2017.0,36 325
18360,Canada,Country/Area,2018.0,36 784
18361,Canada,Country/Area,2019.0,37 287
18362,Canada,Country/Area,2020.0,37 758
18363,Canada,Country/Area,2021.0,38 019
18431,Greenland,Country/Area,2017.0,56
18432,Greenland,Country/Area,2018.0,56
18433,Greenland,Country/Area,2019.0,56
18434,Greenland,Country/Area,2020.0,56
18435,Greenland,Country/Area,2021.0,56
18503,Saint Pierre and Miquelon,Country/Area,2017.0,6
18504,Saint Pierre and Miquelon,Country/Area,2018.0,6
18505,Saint Pierre and Miquelon,Country/Area,2019.0,6
18506,Saint Pierre and Miquelon,Country/Area,2020.0,6
18507,Saint Pierre and Miquelon,Country/Area,2021.0,6
18575,United States of America,Country/Area,2017.0,328 553
18576,United States of America,Country/Area,2018.0,331 029
18577,United States of America,Country/Area,2019.0,333 251
18578,United States of America,Country/Area,2020.0,335 388
18579,United States of America,Country/Area,2021.0,336 496
18647,OCEANIA,Region,2017.0,41 459
18648,OCEANIA,Region,2018.0,42 175
18649,OCEANIA,Region,2019.0,42 904
18650,OCEANIA,Region,2020.0,43 652
18651,OCEANIA,Region,2021.0,44 215
18719,Australia/New Zealand,Subregion,2017.0,29 099
18720,Australia/New Zealand,Subregion,2018.0,29 574
18721,Australia/New Zealand,Subregion,2019.0,30 062
18722,Australia/New Zealand,Subregion,2020.0,30 571
18723,Australia/New Zealand,Subregion,2021.0,30 892
18791,Australia,Country/Area,2017.0,24 392
18792,Australia,Country/Area,2018.0,24 788
18793,Australia,Country/Area,2019.0,25 170
18794,Australia,Country/Area,2020.0,25 544
18795,Australia,Country/Area,2021.0,25 796
18863,New Zealand,Country/Area,2017.0,4 707
18864,New Zealand,Country/Area,2018.0,4 785
18865,New Zealand,Country/Area,2019.0,4 892
18866,New Zealand,Country/Area,2020.0,5 026
18867,New Zealand,Country/Area,2021.0,5 096
18935,Melanesia,Subregion,2017.0,11 133
18936,Melanesia,Subregion,2018.0,11 371
18937,Melanesia,Subregion,2019.0,11 608
18938,Melanesia,Subregion,2020.0,11 843
18939,Melanesia,Subregion,2021.0,12 075
19007,Fiji,Country/Area,2017.0,919
19008,Fiji,Country/Area,2018.0,919
19009,Fiji,Country/Area,2019.0,919
19010,Fiji,Country/Area,2020.0,918
19011,Fiji,Country/Area,2021.0,923
19079,New Caledonia,Country/Area,2017.0,284
19080,New Caledonia,Country/Area,2018.0,285
19081,New Caledonia,Country/Area,2019.0,285
19082,New Caledonia,Country/Area,2020.0,286
19083,New Caledonia,Country/Area,2021.0,287
19151,Papua New Guinea,Country/Area,2017.0,9 007
19152,Papua New Guinea,Country/Area,2018.0,9 222
19153,Papua New Guinea,Country/Area,2019.0,9 436
19154,Papua New Guinea,Country/Area,2020.0,9 649
19155,Papua New Guinea,Country/Area,2021.0,9 850
19223,Solomon Islands,Country/Area,2017.0,636
19224,Solomon Islands,Country/Area,2018.0,651
19225,Solomon Islands,Country/Area,2019.0,667
19226,Solomon Islands,Country/Area,2020.0,683
19227,Solomon Islands,Country/Area,2021.0,699
19295,Vanuatu,Country/Area,2017.0,287
19296,Vanuatu,Country/Area,2018.0,294
19297,Vanuatu,Country/Area,2019.0,301
19298,Vanuatu,Country/Area,2020.0,308
19299,Vanuatu,Country/Area,2021.0,315
19367,Micronesia,Subregion,2017.0,526
19368,Micronesia,Subregion,2018.0,527
19369,Micronesia,Subregion,2019.0,528
19370,Micronesia,Subregion,2020.0,529
19371,Micronesia,Subregion,2021.0,533
19439,Guam,Country/Area,2017.0,169
19440,Guam,Country/Area,2018.0,169
19441,Guam,Country/Area,2019.0,169
19442,Guam,Country/Area,2020.0,169
19443,Guam,Country/Area,2021.0,170
19511,Kiribati,Country/Area,2017.0,119
19512,Kiribati,Country/Area,2018.0,121
19513,Kiribati,Country/Area,2019.0,123
19514,Kiribati,Country/Area,2020.0,125
19515,Kiribati,Country/Area,2021.0,128
19583,Marshall Islands,Country/Area,2017.0,48
19584,Marshall Islands,Country/Area,2018.0,47
19585,Marshall Islands,Country/Area,2019.0,45
19586,Marshall Islands,Country/Area,2020.0,44
19587,Marshall Islands,Country/Area,2021.0,43
19655,Micronesia (Fed. States of),Country/Area,2017.0,110
19656,Micronesia (Fed. States of),Country/Area,2018.0,111
19657,Micronesia (Fed. States of),Country/Area,2019.0,111
19658,Micronesia (Fed. States of),Country/Area,2020.0,112
19659,Micronesia (Fed. States of),Country/Area,2021.0,113
19727,Nauru,Country/Area,2017.0,12
19728,Nauru,Country/Area,2018.0,12
19729,Nauru,Country/Area,2019.0,12
19730,Nauru,Country/Area,2020.0,12
19731,Nauru,Country/Area,2021.0,12
19799,Northern Mariana Islands,Country/Area,2017.0,51
19800,Northern Mariana Islands,Country/Area,2018.0,51
19801,Northern Mariana Islands,Country/Area,2019.0,50
19802,Northern Mariana Islands,Country/Area,2020.0,50
19803,Northern Mariana Islands,Country/Area,2021.0,50
19871,Palau,Country/Area,2017.0,18
19872,Palau,Country/Area,2018.0,18
19873,Palau,Country/Area,2019.0,18
19874,Palau,Country/Area,2020.0,18
19875,Palau,Country/Area,2021.0,18
19943,Polynesia,Subregion,2017.0,700
19944,Polynesia,Subregion,2018.0,703
19945,Polynesia,Subregion,2019.0,706
19946,Polynesia,Subregion,2020.0,709
19947,Polynesia,Subregion,2021.0,715
20015,American Samoa,Country/Area,2017.0,50
20016,American Samoa,Country/Area,2018.0,49
20017,American Samoa,Country/Area,2019.0,48
20018,American Samoa,Country/Area,2020.0,47
20019,American Samoa,Country/Area,2021.0,46
20087,Cook Islands,Country/Area,2017.0,17
20088,Cook Islands,Country/Area,2018.0,17
20089,Cook Islands,Country/Area,2019.0,17
20090,Cook Islands,Country/Area,2020.0,17
20091,Cook Islands,Country/Area,2021.0,17
20159,French Polynesia,Country/Area,2017.0,294
20160,French Polynesia,Country/Area,2018.0,297
20161,French Polynesia,Country/Area,2019.0,299
20162,French Polynesia,Country/Area,2020.0,301
20163,French Polynesia,Country/Area,2021.0,303
20231,Niue,Country/Area,2017.0,2
20232,Niue,Country/Area,2018.0,2
20233,Niue,Country/Area,2019.0,2
20234,Niue,Country/Area,2020.0,2
20235,Niue,Country/Area,2021.0,2
20303,Samoa,Country/Area,2017.0,207
20304,Samoa,Country/Area,2018.0,209
20305,Samoa,Country/Area,2019.0,211
20306,Samoa,Country/Area,2020.0,213
20307,Samoa,Country/Area,2021.0,217
20375,Tokelau,Country/Area,2017.0,1
20376,Tokelau,Country/Area,2018.0,2
20377,Tokelau,Country/Area,2019.0,2
20378,Tokelau,Country/Area,2020.0,2
20379,Tokelau,Country/Area,2021.0,2
20447,Tonga,Country/Area,2017.0,106
20448,Tonga,Country/Area,2018.0,105
20449,Tonga,Country/Area,2019.0,105
20450,Tonga,Country/Area,2020.0,105
20451,Tonga,Country/Area,2021.0,106
20519,Tuvalu,Country/Area,2017.0,11
20520,Tuvalu,Country/Area,2018.0,11
20521,Tuvalu,Country/Area,2019.0,11
20522,Tuvalu,Country/Area,2020.0,11
20523,Tuvalu,Country/Area,2021.0,11
20591,Wallis and Futuna Islands,Country/Area,2017.0,12
20592,Wallis and Futuna Islands,Country/Area,2018.0,12
20593,Wallis and Futuna Islands,Country/Area,2019.0,12
20594,Wallis and Futuna Islands,Country/Area,2020.0,12
20595,Wallis and Futuna Islands,Country/Area,2021.0,12
